biomass C,soil C
64,81
64,84
62,86
63,86
62,87
62,87
62,87
63,88
62,88
63,88
63,88
62,88
64,88
62,89
63,89
62,89
64,89
64,89
63,89
63,89
63,90
62,90
62,91
64,91
60,91
62,91
63,91
63,91
62,92
64,92
63,92
63,92
63,92
62,92
60,92
60,92
61,93
62,93
60,93
60,93
62,93
60,93
63,94
62,94
60,94
64,94
63,94
62,94
61,94
64,95
62,95
62,95
60,95
62,95
60,95
63,96
61,96
61,96
61,96
62,96
61,96
60,96
63,97
61,97
60,97
63,97
61,97
61,97
61,97
61,97
60,98
61,98
60,98
60,98
63,98
61,98
64,98
62,98
62,98
67,99
60,99
64,99
60,99
60,99
62,99
62,100
62,100
60,100
63,100
63,100
62,100
62,100
64,100
62,100
64,101
64,101
62,101
62,101
63,101
64,101
62,101
61,101
61,101
60,101
60,101
61,101
62,101
60,102
60,102
61,102
61,102
61,102
60,102
64,102
60,102
60,102
61,102
63,102
61,102
63,102
61,103
62,103
61,103
62,103
62,103
60,103
64,104
64,104
62,104
61,104
63,104
49,104
60,104
60,104
61,104
62,104
60,104
62,104
62,104
62,105
61,105
62,105
65,105
60,105
61,105
63,106
60,106
60,106
61,106
60,106
63,106
64,106
63,106
63,106
62,106
63,106
61,107
64,107
61,107
65,107
60,107
61,107
62,107
61,107
63,107
62,107
61,107
64,107
60,108
61,108
60,108
60,108
60,108
64,108
62,108
61,108
64,108
61,108
63,109
63,109
62,109
61,109
61,109
64,109
62,109
61,109
62,109
60,109
62,110
60,110
60,110
67,110
62,110
64,110
63,110
62,110
63,110
60,110
62,110
60,110
64,110
60,110
61,111
66,111
64,111
63,111
62,111
60,111
62,111
61,111
62,111
63,111
61,112
60,112
61,112
60,112
61,112
63,112
61,112
64,113
61,113
60,113
60,113
60,113
64,113
65,113
65,113
62,113
63,114
60,114
61,114
64,114
60,114
61,114
62,114
65,114
76,114
61,114
60,114
61,114
60,114
61,114
61,115
61,115
60,115
61,115
61,115
63,115
67,116
63,116
60,116
64,116
65,116
63,116
63,116
60,117
60,117
60,117
61,117
62,117
61,117
60,117
61,117
62,117
61,117
61,118
63,118
63,118
61,118
63,118
63,118
62,118
61,118
61,118
60,118
62,118
63,118
63,118
61,118
60,119
61,119
62,119
63,119
63,119
60,119
61,119
60,119
61,119
60,119
64,119
61,119
60,119
61,120
74,120
61,120
60,120
60,120
60,120
65,120
61,120
62,120
61,120
64,120
65,121
62,121
61,121
61,121
61,121
60,121
61,121
64,121
63,121
63,122
61,122
64,122
61,122
61,122
64,122
60,122
60,122
60,122
61,123
62,123
61,123
60,123
61,123
60,123
62,123
60,123
61,123
61,123
63,123
64,124
61,124
61,124
50,124
62,124
62,124
76,125
62,125
61,125
61,125
63,125
61,125
65,125
61,125
63,125
63,125
61,125
62,125
60,126
63,126
61,126
61,126
60,126
61,126
61,126
60,126
61,126
62,126
61,126
62,126
60,126
61,127
61,127
61,127
69,127
61,127
61,127
60,127
61,127
61,128
62,128
63,128
61,128
61,128
63,128
51,128
61,128
77,128
62,128
61,128
61,128
50,128
60,128
60,128
61,128
62,128
60,128
63,128
60,129
74,129
61,129
63,129
61,129
62,129
63,129
77,129
73,129
61,129
62,130
52,130
63,130
60,130
61,130
62,131
64,131
60,131
61,131
60,131
64,131
64,131
55,131
62,131
63,131
54,131
62,131
63,131
67,131
60,132
61,132
61,132
61,132
54,132
64,132
63,132
60,132
64,132
62,132
77,132
61,132
64,132
60,133
44,133
74,133
60,133
61,133
61,133
63,133
87,133
60,133
63,133
69,133
60,133
62,134
64,134
62,134
73,134
78,134
64,134
63,134
61,134
65,134
61,134
61,134
69,134
61,134
55,134
61,134
62,134
66,135
64,135
50,135
61,135
51,135
67,135
56,135
60,135
68,135
56,135
54,135
63,135
64,135
62,135
61,135
77,136
63,136
60,136
61,136
51,136
53,136
60,136
63,136
64,136
61,136
67,137
61,137
60,137
90,137
63,137
61,137
67,138
54,138
62,138
63,138
63,138
62,138
61,138
60,138
61,138
61,138
61,138
70,138
61,138
62,138
74,138
63,138
61,138
64,139
60,139
63,139
59,139
62,139
61,139
60,139
64,139
61,139
99,140
61,140
67,140
51,140
61,140
64,140
62,140
63,140
56,140
67,140
71,140
62,140
56,140
61,140
65,141
60,141
72,141
62,141
53,141
62,141
63,141
81,141
59,142
60,142
65,142
64,142
71,142
61,142
60,142
61,142
99,143
62,143
59,143
62,143
50,143
65,143
71,143
62,143
62,143
64,143
60,143
61,143
61,143
68,143
61,144
61,144
56,144
61,144
71,144
63,144
64,144
64,144
59,145
71,145
62,145
60,145
65,145
67,145
60,145
60,145
64,145
65,145
59,146
76,146
59,146
59,146
63,146
63,146
64,146
64,146
76,147
31,147
61,147
62,147
64,147
61,147
65,147
67,147
65,148
63,148
61,148
61,148
60,148
65,148
60,148
59,149
60,149
61,149
59,149
60,149
61,149
60,149
63,149
62,149
62,149
63,149
62,149
67,150
59,150
63,150
61,150
71,150
57,150
70,150
64,150
65,150
61,150
58,150
61,150
87,150
60,150
60,151
61,151
84,151
63,151
60,151
64,151
52,151
70,151
62,151
63,151
49,152
65,152
70,152
60,152
57,152
63,152
65,152
56,152
61,152
84,152
60,153
60,153
59,153
65,153
60,153
84,154
43,154
62,154
65,154
71,154
61,155
61,155
52,155
71,155
64,155
70,155
71,155
77,155
59,155
65,156
35,156
62,156
70,156
62,156
59,157
54,157
65,157
67,157
60,157
60,157
64,157
76,157
66,158
63,158
76,158
61,158
85,158
71,158
72,158
48,158
34,159
84,159
66,159
64,159
61,159
64,159
64,159
60,159
49,159
98,160
60,160
60,160
60,160
61,160
48,161
69,161
71,161
68,161
67,161
73,161
30,161
83,161
99,162
88,162
87,163
49,163
60,163
51,163
58,163
71,163
59,164
73,164
75,164
67,165
58,165
70,165
44,165
71,165
62,165
70,165
81,165
71,166
49,166
81,166
49,166
62,167
60,167
73,167
71,167
60,167
62,167
38,167
63,167
84,167
71,167
88,167
64,168
70,168
62,168
60,168
72,168
67,168
60,168
99,169
69,169
48,169
60,169
64,169
71,169
68,169
73,169
59,170
62,170
86,170
68,170
69,170
68,170
65,170
71,170
81,170
70,170
59,171
76,171
70,171
50,171
54,172
59,172
60,172
57,172
71,172
87,172
61,172
60,173
72,173
88,173
48,173
64,173
88,173
51,173
60,173
71,173
66,174
71,174
70,174
62,174
59,175
97,175
64,175
70,175
75,175
48,175
96,176
99,176
79,176
74,176
71,176
62,176
67,176
49,176
66,177
62,177
86,177
69,177
51,178
60,178
74,179
59,179
78,179
62,179
62,179
86,179
50,180
57,180
62,180
50,180
74,180
61,180
64,180
60,180
77,180
84,180
60,180
61,180
65,180
80,181
49,181
61,181
44,181
67,181
60,181
87,181
53,181
78,181
71,181
48,181
66,181
77,181
71,181
67,181
69,182
76,182
70,182
60,182
61,182
53,183
60,183
46,183
17,183
52,183
59,183
70,183
71,183
63,183
84,183
62,183
48,183
69,184
60,184
60,184
67,184
47,184
32,184
61,184
65,184
73,184
59,185
55,185
52,185
88,185
69,185
81,185
73,185
86,185
54,186
67,186
69,186
71,186
62,186
76,186
53,186
88,186
54,186
54,187
98,187
87,187
78,187
53,188
76,188
84,188
61,188
88,188
63,188
71,188
62,188
60,189
62,189
59,189
49,189
60,189
75,189
88,189
79,189
60,190
45,190
72,190
65,190
63,190
47,190
77,190
79,190
79,190
77,191
46,191
68,191
45,191
53,191
44,191
59,191
78,191
64,191
65,191
80,191
74,191
19,192
79,192
71,192
65,192
69,192
65,192
83,192
47,193
66,193
74,193
51,193
67,193
99,193
80,193
64,193
78,193
64,193
59,194
51,194
60,194
64,194
71,194
77,194
50,194
65,194
59,194
78,194
36,194
84,194
81,194
64,194
77,194
79,194
52,195
60,195
49,195
65,195
48,195
60,195
51,195
59,195
78,195
64,195
61,195
108,195
79,195
60,195
62,195
76,196
73,196
88,196
36,196
68,196
48,196
78,196
71,196
60,197
44,197
17,197
68,197
59,197
59,197
43,197
62,197
71,197
63,197
98,197
83,197
75,197
63,197
78,197
65,197
46,198
74,198
87,198
83,198
73,198
68,198
74,198
56,198
68,198
71,198
71,198
60,198
60,198
60,198
48,198
85,199
60,199
73,199
52,199
70,199
92,199
81,199
87,199
79,199
61,199
88,199
49,199
76,199
38,199
67,200
96,200
86,200
51,200
98,200
60,200
72,200
63,200
87,200
78,200
63,200
82,200
88,200
47,201
68,201
67,201
67,201
85,201
87,201
79,201
78,201
67,201
70,201
97,202
67,202
75,202
73,202
87,202
46,202
82,202
77,202
82,202
64,202
88,202
56,202
46,203
59,203
59,203
68,203
71,203
71,203
70,203
54,203
66,203
83,203
81,203
78,204
68,204
58,204
87,204
64,204
88,204
83,204
64,204
71,204
82,204
74,204
79,204
88,204
73,204
85,204
87,204
60,205
69,205
78,205
47,205
65,205
56,205
53,205
85,205
71,205
44,205
64,205
46,206
82,206
66,206
70,206
94,206
59,206
69,206
64,206
79,206
85,206
71,206
79,206
62,206
31,206
71,206
90,206
46,207
60,207
82,207
63,207
62,207
88,207
78,207
83,207
80,207
71,207
88,207
73,207
65,207
69,207
87,207
86,208
59,208
68,208
74,208
49,208
70,208
85,208
88,208
73,208
70,208
68,208
78,208
68,209
69,209
47,209
67,209
55,209
88,209
84,209
88,209
50,209
77,209
88,209
62,209
76,209
70,209
70,210
60,210
78,210
64,210
85,210
63,210
63,210
79,210
56,211
59,211
87,211
79,211
52,211
48,211
78,211
72,211
48,211
71,211
71,211
88,211
64,212
90,212
47,212
68,212
50,212
71,212
71,212
87,212
65,212
72,212
70,212
71,212
66,212
50,212
78,212
60,213
60,213
76,213
73,213
61,213
53,213
47,213
74,213
52,213
79,213
73,213
88,213
71,213
74,214
68,214
72,214
65,214
62,214
50,214
70,214
56,214
86,214
54,214
86,214
71,214
64,214
63,214
86,214
63,215
53,215
48,215
47,215
71,215
74,216
60,216
78,216
78,216
66,216
81,216
76,216
63,216
76,216
87,216
57,217
69,217
52,217
52,217
56,217
70,217
59,217
88,217
71,217
78,217
77,217
65,217
70,217
73,218
70,218
69,218
78,218
73,218
63,218
62,219
71,219
73,219
51,219
71,219
68,219
88,219
78,219
71,219
87,219
84,219
85,220
85,220
84,220
84,220
99,220
71,220
83,220
73,220
84,220
79,220
55,220
78,220
73,220
78,220
46,221
63,221
66,221
74,221
52,221
86,221
57,221
59,221
71,221
83,221
69,221
88,221
43,222
63,222
50,222
63,222
79,222
74,222
71,222
62,222
49,222
73,223
69,223
67,223
78,223
81,223
66,223
78,223
70,223
77,223
73,223
71,223
99,224
76,224
96,224
58,224
98,224
64,224
58,224
71,224
77,224
61,224
66,224
45,224
86,224
60,224
74,224
88,224
87,224
67,225
46,225
58,225
88,225
68,225
67,225
78,225
73,225
97,226
57,226
87,226
69,226
63,226
66,226
51,226
44,226
79,226
76,226
87,226
87,226
67,227
64,227
50,227
85,227
67,227
70,227
70,227
78,227
80,227
77,227
98,227
76,227
78,227
90,227
76,228
76,228
82,228
83,228
67,228
86,228
70,228
62,228
64,228
69,228
82,228
78,228
67,229
67,229
65,229
60,229
74,229
51,229
69,229
74,229
88,229
68,229
71,229
78,229
60,229
85,229
86,229
48,229
85,229
79,229
70,229
48,229
77,229
65,230
45,230
84,230
63,230
48,230
56,230
73,230
70,230
88,230
68,230
75,230
87,230
86,230
60,231
67,231
88,231
80,231
58,231
48,231
78,231
49,231
79,231
76,231
79,231
88,231
64,231
81,232
79,232
47,232
59,232
79,232
63,232
48,232
46,232
88,232
48,232
70,232
83,232
70,232
62,232
68,232
77,232
48,233
53,233
88,233
74,233
60,233
88,233
84,233
88,233
71,233
49,233
58,233
61,233
75,233
50,233
35,233
71,233
76,234
62,234
74,234
70,234
67,234
77,234
75,234
68,234
41,234
61,234
66,234
88,234
67,234
62,234
51,234
65,235
85,235
65,235
79,235
60,235
63,235
87,235
81,235
52,235
60,235
65,235
59,235
78,235
32,235
86,235
88,235
85,235
79,235
77,235
79,235
78,235
43,236
65,236
67,236
59,236
79,236
51,236
85,236
75,236
88,236
70,236
64,236
49,236
87,236
62,236
62,236
79,236
81,236
44,236
71,236
49,236
68,236
79,236
70,236
78,236
74,237
71,237
49,237
70,237
60,237
30,237
46,237
80,237
72,237
87,237
86,237
80,237
88,237
57,237
61,237
88,237
68,237
51,237
67,237
34,237
73,237
58,237
52,238
82,238
53,238
52,238
74,238
59,238
52,238
71,238
84,238
75,238
57,238
71,238
80,238
70,238
71,238
60,238
73,238
71,238
81,238
50,239
65,239
73,239
45,239
64,239
63,239
99,239
76,239
56,239
63,239
88,239
49,239
59,239
84,239
70,239
64,239
82,239
49,239
74,239
49,239
88,239
81,240
78,240
59,240
74,240
86,240
78,240
79,240
88,240
76,240
86,240
78,240
88,240
77,240
78,240
73,240
86,240
66,241
61,241
74,241
51,241
61,241
83,241
74,241
53,241
50,241
59,241
52,241
75,241
71,241
75,241
49,241
78,241
80,241
79,241
88,241
88,241
92,241
78,241
78,241
81,241
70,242
69,242
73,242
56,242
72,242
73,242
43,242
61,242
68,242
56,242
84,242
62,242
82,242
84,242
79,242
76,242
67,242
85,242
80,242
88,242
79,242
65,242
43,242
64,242
68,242
88,242
87,242
71,243
70,243
73,243
65,243
77,243
64,243
70,243
59,243
69,243
85,243
65,243
58,243
50,243
88,243
67,243
80,244
72,244
80,244
70,244
83,244
71,244
56,244
49,244
67,244
81,244
78,244
79,244
49,244
72,244
79,244
71,244
63,244
69,244
70,244
69,244
71,244
75,244
76,244
74,245
49,245
88,245
69,245
54,245
35,245
47,245
49,245
71,245
68,245
62,245
43,246
60,246
87,246
70,246
49,246
49,246
71,246
62,246
52,246
75,246
75,246
53,246
74,246
72,246
69,246
88,246
74,247
82,247
48,247
61,247
90,247
61,247
84,247
64,247
61,247
63,247
88,247
72,247
71,247
88,247
88,247
68,248
51,248
74,248
63,248
50,248
63,248
73,248
87,248
67,248
48,248
69,248
86,248
88,248
78,248
49,248
88,248
76,248
56,248
84,248
76,248
69,248
88,248
67,249
86,249
88,249
67,249
78,249
47,249
85,249
88,249
53,249
68,249
78,249
49,249
79,249
88,249
69,249
74,249
47,249
87,249
76,249
70,249
78,249
69,250
54,250
67,250
70,250
61,250
68,250
69,250
66,250
83,250
66,250
76,250
73,250
88,250
68,250
71,250
85,250
53,250
74,250
82,250
65,250
78,250
73,251
57,251
84,251
61,251
73,251
61,251
78,251
84,251
74,251
57,251
85,251
77,251
76,251
76,251
59,251
88,251
84,251
83,251
66,251
68,251
64,251
70,251
71,251
71,251
81,252
74,252
97,252
83,252
81,252
76,252
66,252
84,252
77,252
69,252
84,252
69,252
68,252
70,252
88,252
84,252
62,252
32,252
76,252
80,253
74,253
74,253
66,253
61,253
75,253
65,253
88,253
81,253
85,253
71,253
61,253
66,253
71,253
35,253
67,253
67,253
66,253
69,253
72,253
84,253
71,253
88,253
85,254
68,254
75,254
61,254
57,254
77,254
63,254
73,254
86,254
76,254
64,254
76,254
88,254
88,254
66,254
73,254
59,254
75,254
69,254
88,254
68,254
87,254
88,254
70,255
64,255
58,255
79,255
68,255
59,255
58,255
57,255
88,255
84,255
45,255
60,255
85,255
70,255
87,255
67,255
86,255
69,255
79,256
48,256
74,256
78,256
73,256
69,256
44,256
69,256
73,256
77,256
77,256
61,256
79,256
76,256
70,256
74,256
50,256
48,256
65,256
84,256
79,256
58,256
64,256
76,256
85,256
68,256
70,257
61,257
52,257
73,257
82,257
92,257
65,257
51,257
71,257
82,257
83,257
73,257
74,257
70,257
71,257
88,257
61,257
88,257
70,257
76,257
70,257
63,257
66,257
88,258
74,258
63,258
68,258
64,258
79,258
85,258
64,258
87,258
77,258
76,258
85,259
33,259
61,259
68,259
54,259
82,259
38,259
68,259
83,259
76,259
56,259
49,259
83,259
59,259
88,259
84,259
64,259
70,259
69,259
71,259
67,259
87,259
44,259
81,259
86,260
59,260
86,260
74,260
55,260
74,260
65,260
86,260
82,260
36,260
62,260
73,260
88,260
35,260
70,260
81,260
67,260
69,260
88,260
50,260
80,260
92,260
82,260
66,260
70,261
89,261
78,261
80,261
83,261
68,261
88,261
44,261
77,261
77,261
74,261
88,261
69,261
88,261
84,261
86,261
49,261
88,261
77,261
67,262
73,262
66,262
47,262
78,262
75,262
85,262
74,262
85,262
88,262
50,262
87,262
70,262
80,262
46,262
88,262
88,262
77,262
33,263
89,263
81,263
69,263
56,263
36,263
70,263
69,263
88,263
70,263
48,263
75,263
87,263
83,263
60,263
56,263
88,263
70,263
76,263
69,263
88,263
71,263
84,263
69,263
77,263
84,264
73,264
85,264
78,264
81,264
59,264
70,264
56,264
71,264
62,264
68,264
48,264
53,264
44,264
87,264
66,264
60,264
79,264
89,264
73,264
82,264
61,264
80,264
85,265
60,265
74,265
56,265
66,265
70,265
87,265
79,265
88,265
90,265
62,265
76,265
84,265
60,265
55,265
86,265
77,265
83,265
36,265
69,265
86,266
88,266
68,266
68,266
57,266
64,266
73,266
70,266
87,266
70,266
87,266
56,266
87,266
88,267
70,267
17,267
62,267
97,267
68,267
65,267
64,267
55,267
71,267
71,267
66,267
84,267
88,267
71,267
74,267
79,267
71,267
48,267
55,267
71,267
49,267
86,267
71,267
66,267
69,267
71,267
63,267
72,268
86,268
74,268
72,268
68,268
88,268
79,268
78,268
59,268
83,268
69,268
88,268
48,268
90,269
74,269
58,269
73,269
60,269
88,269
66,269
87,269
87,269
48,269
78,269
56,269
35,269
46,269
88,269
57,269
70,269
86,269
88,269
74,269
82,269
60,269
67,269
69,270
84,270
62,270
69,270
67,270
73,270
60,270
49,270
88,270
69,270
86,270
87,270
79,270
55,271
81,271
83,271
87,271
63,271
50,271
66,271
71,271
58,271
60,271
71,271
36,271
69,272
80,272
67,272
58,272
79,272
52,272
84,272
82,272
44,272
68,272
88,272
64,272
78,272
88,272
43,272
48,272
71,272
86,272
31,272
53,272
57,273
80,273
66,273
79,273
83,273
65,273
70,273
88,273
67,273
83,273
72,273
81,273
82,273
74,273
50,273
76,273
81,273
81,273
76,273
76,273
60,273
91,274
59,274
83,274
61,274
69,274
88,274
73,274
87,274
82,275
61,275
35,275
82,275
81,275
70,275
69,275
74,275
62,275
65,275
84,275
59,275
65,275
71,275
68,275
87,275
74,275
80,275
74,275
84,276
70,276
68,276
69,276
85,276
119,276
61,276
71,276
85,276
52,276
92,276
60,276
73,276
87,276
85,276
79,276
73,276
85,276
84,276
70,276
84,276
70,277
70,277
74,277
55,277
90,277
79,277
79,277
80,277
65,277
87,277
69,277
79,277
70,277
69,278
50,278
60,278
69,278
85,278
85,278
66,278
72,278
79,278
87,279
62,279
71,279
57,279
67,279
65,279
88,279
71,279
48,279
64,279
87,279
84,279
77,279
64,279
79,279
71,279
72,280
67,280
71,280
61,280
15,280
70,280
87,280
70,280
88,280
88,280
88,280
88,280
72,280
66,280
62,281
85,281
57,281
84,281
57,281
49,281
84,281
76,281
60,281
63,281
85,281
64,281
54,281
67,281
69,282
67,282
52,282
65,282
65,282
69,282
79,282
61,282
42,282
59,282
48,283
65,283
98,283
71,283
84,283
53,283
80,283
87,283
88,283
87,283
75,283
70,283
84,283
73,284
70,284
70,284
59,284
58,284
92,284
65,284
67,284
65,284
76,284
86,284
80,284
92,285
52,285
65,285
68,285
44,285
64,285
77,285
86,285
77,285
65,285
71,285
72,285
91,285
75,285
45,285
64,285
89,285
52,286
64,286
85,286
84,286
79,286
79,286
84,286
87,286
75,286
68,287
87,287
80,287
80,287
59,287
87,287
84,287
84,287
88,287
72,288
86,288
64,288
61,288
60,288
79,288
80,288
71,288
85,288
65,288
54,288
84,288
79,288
66,288
76,288
49,288
88,288
60,289
79,289
66,289
87,289
64,289
87,289
27,289
72,289
68,289
70,289
47,290
72,290
54,290
81,290
72,290
69,290
61,290
64,290
86,290
66,290
76,290
69,290
55,291
77,291
50,291
82,291
82,291
69,291
43,291
84,291
67,292
98,292
66,292
64,292
76,292
70,292
60,292
80,292
71,293
79,293
19,293
85,293
86,293
88,293
70,293
57,293
74,293
88,293
88,293
75,293
60,293
69,293
65,294
70,294
53,294
84,294
77,294
74,294
55,294
66,295
70,295
68,295
79,295
67,295
77,295
44,295
69,295
73,295
83,295
93,296
68,296
60,296
67,296
72,296
88,296
85,296
88,296
63,296
92,297
81,297
59,297
88,297
67,298
75,298
65,298
68,298
75,298
63,298
79,298
78,298
88,298
62,299
86,299
48,299
65,299
67,299
85,299
69,299
86,299
45,299
71,300
70,300
66,300
69,300
56,300
63,300
86,300
67,300
85,300
74,301
70,301
71,301
72,301
72,301
84,301
71,301
65,301
72,302
71,302
70,302
86,302
81,302
85,303
59,303
88,303
66,303
59,303
68,303
82,303
67,304
85,304
72,304
78,304
43,304
85,304
83,305
75,305
51,305
81,305
88,305
70,305
84,305
73,305
86,305
78,305
63,305
85,305
95,306
90,306
85,306
91,306
65,306
68,306
59,307
66,307
67,307
84,307
77,307
43,307
44,307
60,307
70,308
84,308
97,308
85,308
59,308
75,308
63,308
96,308
62,308
66,308
71,308
71,308
78,309
71,309
56,309
73,309
20,309
88,309
61,309
68,309
84,309
69,309
70,309
85,310
73,310
93,310
79,310
44,310
65,310
63,310
76,310
46,310
79,310
85,310
78,310
87,311
83,311
75,311
58,311
69,311
73,311
81,312
126,312
73,312
36,312
85,312
44,312
81,313
57,313
76,313
77,313
67,313
73,313
71,313
83,313
80,313
74,314
86,314
86,314
74,314
81,314
84,314
77,314
69,314
72,314
55,314
81,314
71,315
68,315
69,315
86,315
71,315
70,315
70,315
70,315
59,316
71,316
74,316
65,316
64,316
80,316
89,316
62,316
75,316
81,317
75,317
119,317
70,317
99,317
54,317
87,317
83,317
67,317
69,317
86,317
44,318
59,318
71,318
84,318
87,318
70,318
81,318
61,318
72,318
69,318
71,318
72,319
68,319
69,319
67,319
80,319
87,319
65,319
58,320
73,320
78,320
60,320
44,320
70,320
69,320
77,320
77,320
86,320
66,320
85,320
84,321
59,321
73,321
76,321
73,321
126,321
81,321
75,321
84,321
66,321
65,322
99,322
65,322
78,322
78,322
65,322
72,322
64,322
45,322
68,322
66,322
63,322
65,322
66,322
78,323
34,323
66,323
74,323
62,323
85,323
66,323
79,323
73,323
65,323
70,324
58,324
79,324
84,324
91,324
104,324
87,324
65,324
61,324
44,325
82,325
60,325
88,325
73,325
66,325
86,325
45,325
36,325
70,326
58,326
73,326
74,326
58,326
84,326
77,326
69,326
65,326
65,326
84,326
45,326
64,326
66,326
69,326
69,326
80,327
85,327
72,327
86,327
78,327
83,327
45,327
44,327
68,328
81,328
82,328
66,328
76,328
88,328
69,328
79,328
80,328
70,328
70,328
65,328
71,328
68,329
77,329
93,329
80,329
77,329
78,329
70,329
77,329
88,329
46,329
69,330
72,330
79,330
74,330
64,330
84,330
69,330
66,330
69,330
88,330
69,330
57,330
67,330
68,330
74,330
66,330
77,331
86,331
94,331
58,331
74,331
65,331
66,331
63,331
108,331
78,331
63,331
70,331
84,331
73,331
88,332
75,332
70,332
67,332
64,332
66,332
66,332
66,332
78,332
72,332
45,332
65,332
84,332
64,332
74,333
62,333
69,333
70,333
86,333
82,333
67,333
74,333
71,333
87,333
69,333
63,333
77,333
58,334
81,334
62,334
73,334
81,334
95,334
65,334
83,334
67,334
78,334
30,334
62,334
72,334
78,334
70,334
83,334
91,335
58,335
90,335
74,335
81,335
85,335
92,335
83,335
89,335
86,335
77,335
69,335
63,335
72,336
140,336
110,336
122,336
69,336
72,336
60,336
56,336
75,336
78,336
64,336
64,336
76,336
72,336
85,336
70,336
72,337
73,337
60,337
119,337
68,337
83,337
78,337
78,337
76,337
72,337
63,337
70,337
71,337
77,337
84,337
72,337
83,337
109,337
83,337
87,338
68,338
68,338
67,338
112,338
60,338
80,338
89,338
71,338
59,338
67,338
66,338
88,338
75,338
66,338
70,339
68,339
67,339
68,339
16,339
84,339
72,339
83,339
78,339
74,339
63,339
83,339
77,339
69,339
65,339
86,339
77,340
85,340
57,340
76,340
79,340
82,340
73,340
60,340
84,340
63,340
87,340
70,340
64,340
63,340
75,340
67,341
89,341
73,341
92,341
75,341
58,341
68,341
70,341
75,341
60,341
74,341
66,341
69,341
73,342
79,342
79,342
86,342
77,342
62,342
71,342
82,342
44,342
69,342
85,342
78,342
86,342
62,343
58,343
84,343
76,343
85,343
78,343
78,343
79,343
69,343
69,343
58,343
60,344
86,344
67,344
87,344
82,344
72,344
84,344
76,344
86,344
32,344
85,344
72,344
71,345
80,345
81,345
74,345
55,345
88,345
65,345
75,345
73,345
78,345
72,345
71,345
70,345
75,345
69,345
75,345
69,346
85,346
90,346
57,346
68,346
57,346
59,346
127,346
79,346
69,346
66,346
85,346
87,346
63,346
64,346
69,346
71,346
86,346
62,346
85,347
72,347
59,347
122,347
76,347
87,347
73,347
88,347
56,347
68,347
65,347
68,347
55,347
90,347
53,347
45,347
65,347
47,347
78,347
66,347
62,347
68,347
105,348
64,348
82,348
83,348
77,348
75,348
84,348
64,348
64,348
72,348
67,348
72,348
75,349
99,349
57,349
47,349
166,349
63,349
64,349
85,349
75,349
76,349
73,349
79,350
60,350
91,350
88,350
83,350
68,350
80,350
97,350
88,350
81,350
74,350
65,350
76,350
83,350
79,350
69,350
74,350
81,350
65,350
88,350
72,350
124,351
68,351
82,351
71,351
132,351
59,351
76,351
61,351
56,351
65,351
69,351
85,351
54,351
76,351
70,351
82,351
58,351
65,351
73,352
86,352
81,352
73,352
88,352
51,352
82,352
68,352
71,352
72,352
86,352
85,352
68,352
38,352
68,352
84,352
72,352
90,352
70,352
74,352
86,352
65,352
77,352
82,352
76,353
102,353
81,353
78,353
87,353
68,353
70,353
54,353
85,353
68,353
78,353
66,353
82,354
83,354
75,354
73,354
86,354
68,354
69,354
84,354
82,354
85,354
67,354
95,354
90,354
84,354
64,354
78,354
56,354
69,354
87,354
76,355
80,355
82,355
77,355
86,355
65,355
62,355
82,355
87,355
71,355
87,355
75,355
71,355
71,355
70,355
85,355
82,356
83,356
82,356
81,356
85,356
85,356
57,356
87,356
83,356
76,356
73,356
74,356
84,356
85,356
76,356
85,356
66,356
80,356
73,356
85,356
64,356
79,357
76,357
73,357
77,357
88,357
55,357
74,357
84,357
66,357
66,357
66,357
69,357
76,357
76,357
84,357
67,357
88,357
86,357
67,357
47,357
83,357
87,358
79,358
60,358
74,358
134,358
84,358
68,358
88,358
80,358
82,358
66,358
89,358
66,358
84,358
63,358
81,358
64,358
55,358
89,358
69,358
75,358
75,358
66,358
84,358
66,358
62,358
49,358
77,358
91,359
71,359
86,359
85,359
57,359
82,359
78,359
73,359
63,359
126,359
65,359
50,359
76,359
85,359
87,359
55,359
85,359
85,359
71,359
68,359
92,359
56,359
84,359
71,359
123,360
120,360
78,360
82,360
66,360
57,360
85,360
99,360
73,360
86,360
78,360
69,360
78,360
65,360
78,360
107,360
84,360
65,360
65,360
75,360
81,360
70,361
76,361
76,361
62,361
72,361
86,361
72,361
70,361
45,361
76,361
67,361
69,361
67,361
68,361
82,361
84,362
78,362
69,362
88,362
133,362
103,362
72,362
85,362
75,362
75,362
85,362
84,362
77,362
69,362
76,362
87,362
84,362
72,363
66,363
178,363
84,363
64,363
62,363
69,363
64,363
81,363
86,363
109,364
86,364
76,364
100,364
78,364
85,364
84,364
85,364
64,364
93,364
69,364
78,364
64,364
72,364
44,364
71,364
68,364
85,364
72,364
76,364
79,364
63,364
63,364
84,364
65,365
97,365
65,365
79,365
84,365
85,365
82,365
73,365
75,365
88,365
80,365
69,365
81,365
84,365
57,366
59,366
73,366
108,366
76,366
89,366
58,366
82,366
75,366
79,366
84,366
86,366
68,366
74,366
82,366
73,366
86,366
84,366
72,366
73,366
75,366
77,366
77,366
70,367
79,367
99,367
77,367
70,367
111,367
79,367
80,367
92,367
68,367
84,367
84,367
71,367
76,367
76,367
99,367
87,367
63,367
69,367
82,367
85,367
69,367
64,367
63,367
74,367
88,368
82,368
65,368
77,368
84,368
73,368
84,368
72,368
63,368
71,368
77,368
87,369
109,369
67,369
83,369
102,369
70,369
74,369
90,369
55,369
77,369
69,369
67,369
64,369
77,369
64,370
100,370
92,370
73,370
65,370
70,370
84,370
49,370
84,370
77,370
84,370
59,370
84,370
69,370
74,370
78,371
79,371
73,371
85,371
77,371
68,371
68,371
112,371
93,371
85,371
64,371
69,371
97,371
70,371
86,371
93,371
84,371
77,371
76,371
85,371
85,371
60,371
63,371
69,371
75,371
64,371
56,372
81,372
69,372
74,372
71,372
77,372
70,372
84,372
64,372
81,372
53,372
62,372
72,372
54,372
63,372
71,372
77,373
57,373
73,373
55,373
49,373
77,373
75,373
84,373
70,373
78,373
110,373
76,373
80,373
86,373
69,373
93,373
76,373
62,373
68,373
88,373
89,373
90,374
67,374
73,374
55,374
62,374
74,374
72,374
87,374
76,374
89,375
61,375
81,375
73,375
55,375
74,375
85,375
78,375
63,375
63,375
66,375
115,375
84,375
84,375
78,375
69,375
60,375
74,375
68,375
42,376
70,376
77,376
67,376
98,376
95,376
61,376
85,376
78,376
73,376
81,376
80,376
70,376
68,376
73,376
76,376
76,376
85,377
81,377
94,377
82,377
73,377
79,377
78,377
60,377
69,377
84,377
77,377
77,377
76,377
85,377
62,377
67,377
79,377
59,377
70,377
86,377
78,377
74,378
56,378
81,378
90,378
92,378
83,378
89,378
122,378
49,378
101,378
81,378
63,378
84,378
68,378
71,378
76,378
80,378
64,378
56,378
78,378
87,378
76,378
79,378
62,378
75,378
74,378
76,379
79,379
85,379
95,379
71,379
130,379
85,379
95,379
94,379
70,379
63,379
64,379
62,379
62,379
69,379
84,379
72,379
85,379
85,380
73,380
89,380
122,380
88,380
85,380
79,380
42,380
88,380
81,380
84,380
81,380
83,380
103,380
67,380
91,380
63,380
75,380
69,380
77,380
57,380
89,380
73,380
78,380
70,380
50,380
55,381
62,381
73,381
133,381
78,381
72,381
70,381
79,381
66,381
74,381
66,382
81,382
71,382
71,382
72,382
81,382
79,382
63,382
76,382
77,382
65,382
64,382
84,382
78,382
174,383
79,383
91,383
80,383
73,383
51,383
131,383
64,383
85,383
77,383
85,383
76,383
85,383
79,383
76,383
84,383
79,383
86,383
152,384
80,384
68,384
81,384
77,384
73,384
59,384
74,384
67,384
57,384
67,384
100,384
73,384
67,384
84,384
77,384
68,384
77,384
67,384
58,384
81,384
71,385
77,385
69,385
126,385
99,385
84,385
71,385
77,385
81,385
54,385
77,385
84,385
55,385
79,385
77,385
85,385
91,385
66,385
122,386
97,386
103,386
68,386
73,386
68,386
70,386
68,386
85,386
105,386
79,386
84,386
70,386
55,386
74,386
60,386
78,386
77,386
69,386
69,386
89,387
61,387
70,387
118,387
71,387
101,387
84,387
70,387
126,387
92,387
88,387
145,387
121,387
74,387
71,387
74,387
64,387
83,387
70,387
78,387
78,387
64,387
85,387
97,388
96,388
60,388
78,388
73,388
68,388
55,388
102,388
74,388
78,388
84,388
69,388
77,388
77,388
74,388
75,388
66,388
85,388
78,388
64,388
77,388
69,388
65,388
101,389
71,389
71,389
92,389
71,389
83,389
68,389
69,389
71,389
69,389
69,389
84,389
84,389
70,389
64,389
70,389
70,389
84,389
69,389
76,389
84,389
77,389
131,390
78,390
99,390
75,390
102,390
62,390
81,390
73,390
69,390
58,390
73,390
171,390
84,390
75,390
69,390
84,390
85,390
69,390
65,390
79,390
77,390
77,390
78,390
80,390
86,390
81,390
84,390
79,390
75,390
97,391
93,391
81,391
61,391
76,391
70,391
64,391
72,391
84,391
78,391
58,391
78,391
86,391
78,391
71,391
81,392
134,392
128,392
111,392
81,392
69,392
63,392
61,392
75,392
77,392
47,392
89,392
69,392
84,392
86,393
65,393
135,393
82,393
68,393
80,393
111,393
79,393
87,393
58,393
80,393
63,393
76,393
67,393
79,393
79,393
79,393
66,393
84,393
61,393
76,393
74,394
119,394
89,394
108,394
70,394
66,394
79,394
112,394
62,394
131,394
92,394
95,394
75,394
72,394
76,394
67,394
79,394
90,394
84,394
76,394
87,394
86,395
67,395
71,395
83,395
103,395
36,395
81,395
90,395
74,395
78,395
84,395
86,395
55,395
64,395
44,395
69,395
57,395
58,395
78,395
76,395
61,395
63,395
88,395
74,395
59,396
87,396
85,396
79,396
128,396
112,396
67,396
174,396
47,396
84,396
66,396
77,396
59,396
70,396
93,396
115,397
71,397
64,397
145,397
79,397
78,397
86,397
78,397
110,397
72,397
71,397
76,397
70,397
69,397
72,397
84,397
75,397
74,397
84,397
77,397
126,398
132,398
127,398
81,398
81,398
150,398
109,398
52,398
71,398
87,398
75,398
77,398
78,398
62,398
55,398
86,398
80,398
66,398
69,398
76,398
75,399
66,399
67,399
105,399
71,399
57,399
151,399
85,399
85,399
85,399
55,399
71,399
76,399
79,399
84,399
81,399
84,399
76,399
63,399
61,399
71,399
85,399
61,399
54,399
66,399
83,399
76,399
91,400
110,400
61,400
68,400
85,400
95,400
109,400
90,400
78,400
99,400
70,400
81,400
78,400
78,400
69,400
78,400
74,400
55,400
74,400
84,400
90,400
77,400
64,400
79,401
84,401
147,401
67,401
71,401
69,401
75,401
69,401
69,401
77,401
71,401
80,401
69,402
73,402
81,402
157,402
67,402
135,402
99,402
65,402
118,402
113,402
68,402
77,402
69,402
77,402
54,402
78,402
62,402
69,402
75,402
62,402
84,402
78,402
78,402
55,402
136,403
49,403
150,403
100,403
53,403
92,403
102,403
119,403
91,403
59,403
79,403
144,403
70,403
85,403
77,403
75,403
72,403
77,403
76,403
62,403
79,403
81,403
69,404
110,404
139,404
61,404
84,404
77,404
76,404
115,404
84,404
69,404
76,404
76,404
63,404
62,404
67,404
86,404
83,404
70,404
81,405
85,405
77,405
62,405
74,405
116,405
76,405
68,405
70,405
55,405
83,405
82,405
74,405
44,405
76,405
87,405
85,405
42,406
71,406
84,406
72,406
119,406
96,406
82,406
83,406
93,406
147,406
118,406
84,406
62,406
97,406
50,406
82,406
85,406
62,406
100,406
143,407
68,407
80,407
148,407
122,407
153,407
94,407
70,407
133,407
110,407
80,407
97,407
77,407
76,407
62,407
84,407
70,407
78,407
69,407
74,407
115,408
105,408
98,408
109,408
114,408
54,408
81,408
62,408
75,408
66,408
84,408
87,408
74,409
86,409
65,409
70,409
69,409
81,409
113,409
52,409
84,409
106,410
88,410
71,410
102,410
137,410
70,410
69,410
71,410
70,410
78,410
81,410
67,410
84,410
55,410
62,410
93,411
111,411
87,411
92,411
99,411
56,411
82,411
122,411
112,411
72,411
95,411
68,411
131,411
61,411
79,411
63,411
76,411
62,411
88,412
53,412
110,412
82,412
90,412
98,412
69,412
63,412
66,412
66,412
50,412
70,412
76,412
59,412
84,412
73,413
41,413
66,413
85,413
67,413
81,413
87,413
93,413
93,413
122,413
96,413
67,413
88,413
54,413
77,413
87,414
79,414
118,414
70,414
84,414
103,414
81,414
144,414
83,414
93,414
64,414
64,414
84,414
92,415
121,415
74,415
92,415
117,415
80,415
64,415
78,415
76,415
84,415
84,415
55,415
62,415
69,415
104,416
69,416
75,416
75,416
79,416
125,416
95,416
105,416
68,416
69,416
111,416
80,416
68,416
62,416
78,416
84,416
88,416
64,416
68,416
55,416
79,417
82,417
95,417
96,417
82,417
108,417
59,417
68,417
62,417
93,417
79,417
71,417
85,417
84,417
84,417
76,417
133,418
92,418
93,418
69,418
61,418
59,418
57,418
77,418
84,418
70,418
65,418
81,419
73,419
143,419
63,419
70,419
149,419
69,419
71,419
54,419
76,419
95,419
73,419
95,420
74,420
89,420
98,420
83,420
115,420
56,420
70,420
64,420
60,420
55,420
74,420
83,421
68,421
71,421
66,421
86,421
81,421
93,421
70,421
79,421
84,421
77,421
84,421
84,421
73,422
134,422
114,422
74,422
66,422
66,422
71,423
67,423
94,423
101,423
82,423
91,423
115,423
92,423
64,423
69,423
85,423
112,424
93,424
87,424
124,424
70,424
95,424
69,424
77,424
83,424
56,424
101,425
91,425
80,425
119,425
61,425
116,425
36,425
116,425
69,425
79,425
66,425
85,425
84,425
92,426
75,426
91,426
18,426
128,426
72,426
55,426
69,426
84,426
57,426
77,426
67,426
70,426
143,427
93,427
93,427
91,427
68,427
81,427
109,427
70,427
96,427
86,427
71,427
64,427
66,427
51,427
66,428
70,428
83,428
131,428
73,428
113,428
93,428
149,428
61,428
50,428
92,428
69,428
75,429
75,429
100,429
36,429
139,429
62,429
55,429
65,429
55,429
87,430
124,430
70,430
95,430
114,430
69,430
70,430
87,430
86,430
73,430
60,430
85,431
76,431
126,431
65,431
71,431
86,431
73,431
71,431
176,431
71,431
96,431
87,431
60,431
135,431
122,431
54,431
64,431
56,431
55,431
87,431
55,431
84,431
74,431
70,431
70,431
69,432
126,432
122,432
70,432
99,432
149,432
71,432
82,432
68,432
69,433
69,433
130,433
73,433
87,433
83,433
70,433
78,433
92,433
55,433
57,433
55,433
68,433
71,433
83,433
124,434
87,434
125,434
109,434
79,434
76,434
99,434
87,434
75,434
64,434
94,435
74,435
65,435
128,435
143,435
87,435
77,435
73,435
81,435
69,435
82,435
95,436
95,436
75,436
77,436
75,436
85,436
84,436
56,436
66,436
99,437
87,437
81,437
69,437
88,437
35,437
113,437
87,437
120,437
55,437
63,437
78,437
69,438
117,438
92,438
72,438
70,438
104,438
92,438
96,438
76,438
90,438
122,438
66,438
66,438
80,438
36,438
104,439
74,439
123,439
107,439
124,439
149,439
55,439
68,439
69,439
81,439
110,439
79,439
68,439
87,439
70,439
72,439
82,439
75,440
73,440
98,440
104,440
79,440
82,440
99,440
77,440
76,440
67,440
78,440
93,441
75,441
66,441
70,441
64,441
64,441
71,441
64,441
70,441
76,441
111,442
101,442
130,442
82,442
77,442
70,442
69,442
96,442
92,442
95,442
92,442
90,442
70,442
70,442
76,442
66,442
76,442
71,442
69,443
100,443
77,443
57,443
61,443
71,443
66,443
50,443
98,443
98,443
71,443
115,444
68,444
99,444
111,444
102,444
95,444
69,444
67,444
93,444
81,444
62,444
77,444
55,444
114,444
67,444
71,444
71,444
81,444
60,444
73,445
73,445
69,445
56,445
116,445
125,445
55,445
64,445
61,445
64,445
64,445
78,445
72,446
151,446
69,446
100,446
132,446
90,446
70,446
76,446
115,446
54,446
71,446
117,446
64,446
64,446
77,446
69,447
64,447
89,447
79,447
93,447
79,447
79,447
62,447
74,448
91,448
47,448
70,448
94,448
114,448
123,448
107,448
70,448
64,448
72,448
79,448
76,448
77,448
119,448
84,448
76,448
89,449
80,449
83,449
73,449
88,449
77,449
116,449
115,449
44,449
65,449
76,449
69,449
71,450
69,450
91,450
45,450
83,450
135,450
118,450
117,450
63,450
55,450
98,450
86,450
55,450
61,450
82,450
81,451
90,451
132,451
96,451
92,451
67,451
79,451
69,451
94,451
74,451
64,451
55,451
70,451
77,451
67,452
106,452
111,452
77,452
87,452
79,452
98,452
67,452
66,452
92,452
77,452
64,452
64,452
80,452
124,453
69,453
110,453
97,453
138,453
81,453
80,453
101,453
121,453
55,453
70,454
67,454
71,454
54,454
67,454
111,454
89,454
106,454
79,454
77,454
64,454
77,454
69,455
89,455
92,455
77,455
71,455
90,455
118,455
69,455
74,455
102,455
109,455
71,455
116,455
55,455
79,455
63,455
70,455
77,455
77,455
80,456
85,456
110,456
87,456
79,456
117,456
101,456
114,456
90,456
95,456
86,456
69,456
81,457
69,457
109,457
119,457
126,457
78,457
71,457
132,457
129,457
89,457
70,457
78,457
76,457
70,458
67,458
81,458
147,458
79,458
62,458
71,458
106,458
76,458
87,458
61,458
84,458
65,458
77,458
88,458
97,459
92,459
101,459
73,459
88,459
88,459
85,459
79,459
87,459
121,460
124,460
79,460
150,460
80,460
78,460
88,460
68,460
93,460
76,460
70,460
81,460
64,460
91,460
115,461
79,461
69,461
84,461
75,461
81,461
70,461
56,461
115,461
82,461
81,461
91,461
79,461
98,461
95,461
73,461
76,461
147,461
79,461
110,461
64,461
57,461
78,461
77,461
76,462
66,462
118,462
85,462
105,462
67,462
15,462
86,462
83,462
89,462
74,462
89,462
89,462
78,462
70,462
69,462
91,463
121,463
75,463
82,463
115,463
117,463
79,463
104,463
105,463
76,463
99,463
57,463
67,463
82,463
69,463
79,463
82,463
74,464
97,464
136,464
123,464
110,464
69,464
95,464
79,464
106,464
92,464
102,464
94,464
91,464
121,464
121,464
75,464
109,464
71,464
65,464
89,464
66,464
79,464
79,464
69,465
91,465
88,465
82,465
95,465
73,465
72,465
70,465
63,465
113,466
69,466
114,466
143,466
73,466
83,466
102,466
84,466
70,466
71,466
56,466
114,466
90,466
116,466
75,466
76,466
68,466
64,466
98,466
81,466
62,466
55,466
64,466
76,466
99,467
89,467
73,467
113,467
66,467
62,467
69,467
92,467
172,467
93,467
69,467
91,467
62,467
69,467
46,467
74,467
66,467
61,467
82,467
89,467
115,467
118,468
115,468
118,468
70,468
108,468
102,468
112,468
102,468
92,468
88,468
57,468
108,468
90,468
118,468
144,468
124,468
136,468
106,468
83,468
76,468
69,468
71,468
70,468
75,468
76,468
78,468
101,469
100,469
91,469
85,469
75,469
80,469
71,469
66,469
91,469
82,469
64,469
124,469
111,469
70,469
74,469
86,469
80,469
122,469
113,469
132,469
87,469
94,469
81,469
71,469
60,469
95,470
111,470
81,470
74,470
103,470
76,470
81,470
92,470
135,470
122,470
83,470
97,470
81,470
74,470
117,470
56,470
59,470
88,470
64,470
112,470
89,470
73,471
56,471
90,471
105,471
77,471
87,471
95,471
79,471
168,471
81,471
141,471
75,471
113,471
127,471
69,471
80,471
60,471
64,471
78,471
119,472
79,472
74,472
121,472
138,472
135,472
113,472
95,472
98,472
137,472
70,472
153,472
139,472
127,472
83,472
74,472
106,472
87,472
78,472
66,472
79,472
61,472
99,472
80,473
112,473
104,473
70,473
71,473
110,473
115,473
136,473
132,473
70,473
89,473
108,473
76,473
77,473
114,473
78,473
133,473
138,473
72,473
66,473
61,473
74,473
111,473
93,474
78,474
110,474
112,474
99,474
114,474
178,474
95,474
83,474
92,474
76,474
73,474
86,474
106,474
124,474
129,474
137,474
116,474
104,474
76,474
82,474
81,474
87,474
82,474
76,474
62,474
67,474
70,474
87,474
76,475
94,475
127,475
76,475
81,475
88,475
114,475
74,475
70,475
139,475
112,475
92,475
104,475
75,475
80,475
75,475
92,476
80,476
116,476
75,476
135,476
97,476
59,476
88,476
143,476
70,476
92,476
79,476
89,476
71,476
71,476
89,476
62,476
79,476
63,476
87,476
54,476
80,476
95,477
65,477
121,477
81,477
73,477
69,477
118,477
85,477
85,477
98,477
115,477
55,477
81,477
83,477
102,477
70,477
132,477
83,477
102,477
85,477
88,477
62,477
64,477
60,477
63,477
65,477
137,478
110,478
111,478
76,478
121,478
138,478
55,478
135,478
70,478
88,478
89,478
149,478
65,478
102,478
138,478
114,478
111,478
98,478
77,478
85,478
56,478
63,478
71,478
64,478
68,478
101,479
133,479
71,479
121,479
89,479
119,479
137,479
112,479
75,479
112,479
101,479
121,479
102,479
99,479
150,479
68,479
78,479
98,479
71,479
64,479
61,479
79,480
115,480
79,480
103,480
137,480
150,480
121,480
114,480
79,480
70,480
80,480
127,480
112,480
88,480
86,480
95,480
137,480
76,480
81,480
61,480
77,480
69,480
61,480
90,481
96,481
92,481
94,481
143,481
116,481
119,481
83,481
92,481
70,481
79,481
61,481
72,481
90,481
65,481
69,481
73,482
80,482
105,482
118,482
81,482
109,482
70,482
119,482
136,482
143,482
62,482
133,482
92,482
115,482
81,482
118,482
82,482
109,482
161,482
79,482
81,482
125,482
139,482
69,482
103,482
105,482
114,482
70,482
78,482
59,482
101,482
100,482
70,482
117,482
68,482
64,482
80,482
63,482
61,482
54,482
77,482
57,482
92,483
78,483
95,483
89,483
132,483
104,483
70,483
81,483
90,483
177,483
102,483
55,483
86,483
62,483
55,483
61,483
90,483
61,483
65,483
87,483
69,483
77,483
134,484
89,484
70,484
102,484
143,484
80,484
70,484
106,484
93,484
79,484
121,484
65,484
98,484
123,484
83,484
62,484
56,484
80,484
56,484
64,484
144,485
74,485
101,485
104,485
107,485
79,485
133,485
81,485
134,485
128,485
141,485
70,485
70,485
133,485
87,485
125,485
100,485
101,485
71,485
62,485
66,485
66,485
56,485
61,485
69,485
64,485
50,485
71,485
96,486
108,486
115,486
69,486
81,486
135,486
132,486
95,486
106,486
71,486
118,486
69,486
112,486
100,486
90,486
140,486
116,486
100,486
55,486
118,486
70,486
142,486
90,486
80,486
95,486
119,486
61,486
61,486
73,486
65,486
104,486
87,486
70,486
100,487
68,487
71,487
69,487
92,487
90,487
132,487
70,487
92,487
113,487
73,487
133,487
91,487
81,487
79,487
136,487
94,487
70,487
109,487
113,487
112,487
82,487
103,487
98,487
106,487
150,487
87,487
102,487
72,487
72,487
73,487
73,487
56,487
75,487
73,487
140,488
68,488
113,488
118,488
72,488
69,488
109,488
69,488
140,488
131,488
86,488
81,488
113,488
70,488
84,488
140,488
100,488
101,488
68,488
85,488
90,488
79,488
73,488
60,488
61,488
97,489
104,489
133,489
78,489
102,489
70,489
79,489
102,489
123,489
168,489
90,489
135,489
116,489
128,489
138,489
136,489
79,489
135,489
71,489
70,489
65,489
67,489
76,489
63,489
77,489
55,489
108,489
70,489
117,490
135,490
135,490
122,490
116,490
102,490
146,490
141,490
130,490
95,490
110,490
99,490
138,490
89,490
139,490
138,490
69,490
93,490
64,490
75,490
84,490
61,490
72,490
79,490
72,490
72,490
64,490
55,490
102,490
63,490
81,490
64,490
69,490
66,490
54,490
84,490
67,490
111,491
82,491
81,491
69,491
103,491
119,491
133,491
31,491
141,491
93,491
98,491
102,491
121,491
69,491
61,491
102,491
132,491
107,491
96,491
81,491
146,491
123,491
122,491
63,491
63,491
107,491
73,492
83,492
114,492
122,492
74,492
69,492
70,492
120,492
92,492
131,492
123,492
106,492
117,492
87,492
103,492
81,492
93,492
135,492
129,492
149,492
112,492
142,492
70,492
77,492
63,492
70,492
70,492
84,492
79,492
69,492
127,493
110,493
140,493
114,493
102,493
133,493
89,493
133,493
110,493
153,493
75,493
111,493
96,493
71,493
92,493
89,493
108,493
88,493
119,493
80,493
77,493
62,493
62,493
65,493
65,493
60,493
55,493
64,493
80,494
70,494
119,494
142,494
120,494
138,494
81,494
69,494
102,494
139,494
121,494
64,494
55,494
79,494
61,494
79,494
61,494
56,494
56,494
106,494
71,494
91,495
70,495
93,495
128,495
74,495
124,495
122,495
71,495
127,495
69,495
70,495
73,495
132,495
85,495
112,495
82,495
145,495
65,495
77,495
73,495
64,495
72,495
78,495
54,495
90,496
70,496
97,496
101,496
134,496
89,496
128,496
120,496
70,496
107,496
137,496
115,496
90,496
85,496
132,496
81,496
122,496
101,496
91,496
83,496
71,496
91,496
112,496
108,496
116,496
83,496
76,496
90,496
62,496
66,496
61,496
116,496
57,496
70,496
55,496
70,496
64,496
104,497
116,497
74,497
83,497
91,497
109,497
109,497
63,497
113,497
143,497
150,497
101,497
121,497
102,497
131,497
71,497
70,497
92,497
73,497
99,497
80,497
56,497
72,497
63,497
70,497
82,497
79,497
79,497
61,497
70,497
100,498
132,498
87,498
81,498
102,498
111,498
91,498
92,498
136,498
105,498
118,498
73,498
70,498
62,498
104,498
144,498
91,498
102,498
126,498
139,498
68,498
62,498
117,498
71,498
89,498
67,498
82,498
63,498
70,498
63,498
117,499
120,499
94,499
92,499
125,499
70,499
91,499
101,499
139,499
97,499
84,499
107,499
83,499
119,499
73,499
106,499
130,499
126,499
133,499
89,499
101,499
102,499
75,499
72,499
117,499
101,499
63,499
61,499
78,499
62,499
71,499
81,500
148,500
86,500
93,500
70,500
62,500
70,500
110,500
130,500
94,500
134,500
132,500
86,500
99,500
126,500
90,500
90,500
75,500
142,500
126,500
91,500
102,500
79,500
124,500
71,500
79,500
61,500
63,500
55,500
78,500
63,500
112,501
136,501
135,501
121,501
120,501
114,501
90,501
127,501
119,501
93,501
101,501
123,501
133,501
71,501
89,501
71,501
84,501
61,501
61,501
61,501
71,501
56,501
78,501
70,501
63,501
79,502
94,502
140,502
127,502
82,502
101,502
100,502
92,502
106,502
94,502
135,502
116,502
102,502
94,502
90,502
109,502
100,502
129,502
91,502
65,502
71,502
81,502
91,502
103,502
68,502
61,502
76,502
91,502
78,502
72,502
74,502
64,502
61,502
71,503
69,503
133,503
70,503
104,503
105,503
139,503
68,503
90,503
70,503
82,503
92,503
100,503
150,503
92,503
98,503
70,503
69,503
119,503
128,503
100,503
113,503
89,503
90,503
113,503
95,503
71,503
69,503
61,503
69,503
60,503
78,503
71,503
63,503
56,503
61,503
60,503
78,503
82,503
61,503
135,504
137,504
131,504
82,504
78,504
82,504
108,504
136,504
92,504
137,504
71,504
135,504
115,504
83,504
102,504
120,504
80,504
73,504
121,504
128,504
70,504
104,504
84,504
87,504
120,504
57,504
80,504
73,504
63,504
70,504
60,504
69,504
70,504
70,504
56,504
71,504
56,504
129,505
121,505
110,505
140,505
140,505
118,505
78,505
99,505
120,505
90,505
86,505
88,505
101,505
106,505
61,505
77,505
71,505
78,505
63,505
80,505
61,505
61,505
68,505
55,505
61,505
77,505
61,505
70,505
70,505
90,506
92,506
100,506
95,506
102,506
106,506
127,506
148,506
102,506
139,506
89,506
135,506
83,506
115,506
146,506
62,506
104,506
125,506
85,506
92,506
140,506
91,506
91,506
133,506
121,506
92,506
99,506
63,506
86,506
76,506
70,506
61,506
64,506
127,507
82,507
120,507
70,507
124,507
86,507
99,507
114,507
113,507
91,507
91,507
130,507
85,507
100,507
77,507
133,507
73,507
133,507
81,507
120,507
100,507
97,507
143,507
133,507
79,507
115,507
116,507
70,507
76,507
77,507
79,507
78,507
78,507
70,507
80,507
56,507
62,507
100,508
90,508
122,508
101,508
92,508
89,508
100,508
80,508
86,508
70,508
74,508
70,508
105,508
125,508
102,508
87,508
121,508
122,508
125,508
92,508
93,508
75,508
142,508
73,508
103,508
94,508
123,508
70,508
61,508
64,508
66,508
76,508
76,508
78,508
70,508
123,509
108,509
83,509
136,509
104,509
138,509
102,509
145,509
100,509
93,509
148,509
130,509
91,509
99,509
69,509
136,509
79,509
81,509
92,509
92,509
120,509
92,509
93,509
112,509
90,509
61,509
61,509
71,509
55,509
64,509
77,509
56,509
80,509
124,510
102,510
131,510
83,510
94,510
88,510
103,510
116,510
112,510
99,510
71,510
131,510
101,510
85,510
85,510
83,510
136,510
90,510
101,510
70,510
70,510
120,510
62,510
62,510
66,510
99,511
99,511
143,511
101,511
134,511
117,511
121,511
109,511
145,511
116,511
75,511
134,511
80,511
85,511
74,511
88,511
104,511
85,511
124,511
88,511
128,511
120,511
141,511
63,511
100,511
95,511
80,511
80,511
92,512
71,512
116,512
116,512
130,512
118,512
70,512
99,512
103,512
69,512
128,512
71,512
61,512
81,512
62,512
89,512
61,512
55,512
61,512
82,512
80,512
70,512
66,512
69,512
132,513
91,513
79,513
119,513
76,513
92,513
65,513
88,513
80,513
134,513
104,513
91,513
94,513
91,513
81,513
98,513
72,513
101,513
101,513
132,513
99,513
76,513
72,513
76,513
71,513
56,513
56,513
68,513
100,514
62,514
130,514
85,514
90,514
81,514
87,514
130,514
102,514
90,514
102,514
123,514
106,514
95,514
108,514
102,514
129,514
137,514
101,514
91,514
113,514
130,514
71,514
121,514
65,514
62,514
77,514
94,515
89,515
86,515
71,515
109,515
92,515
172,515
97,515
125,515
127,515
91,515
88,515
73,515
101,515
137,515
102,515
82,515
55,515
71,515
64,515
61,515
61,515
116,515
69,515
69,516
92,516
92,516
136,516
145,516
114,516
130,516
90,516
98,516
95,516
80,516
132,516
103,516
110,516
104,516
92,516
147,516
141,516
102,516
98,516
62,516
115,516
61,516
82,516
61,516
61,516
56,516
55,516
108,517
88,517
69,517
131,517
82,517
138,517
140,517
104,517
149,517
84,517
108,517
101,517
100,517
103,517
101,517
137,517
132,517
99,517
55,517
82,517
55,517
64,517
63,517
64,517
113,518
94,518
122,518
151,518
80,518
135,518
77,518
88,518
144,518
98,518
94,518
102,518
130,518
76,518
133,518
94,518
91,518
70,518
64,518
61,518
55,518
55,518
101,519
92,519
62,519
115,519
116,519
115,519
108,519
83,519
137,519
96,519
136,519
124,519
94,519
57,519
62,519
71,519
62,519
57,519
61,519
71,519
83,520
131,520
83,520
84,520
128,520
113,520
95,520
92,520
63,520
71,520
65,520
61,520
76,520
71,520
61,520
106,520
55,520
65,520
57,520
135,521
104,521
112,521
94,521
84,521
70,521
131,521
137,521
94,521
69,521
99,521
73,521
101,521
104,521
150,521
113,521
76,521
54,521
56,521
65,521
66,521
56,521
70,521
55,521
79,521
63,521
132,522
124,522
78,522
87,522
122,522
132,522
122,522
70,522
86,522
70,522
68,523
113,523
91,523
128,523
72,523
105,523
87,523
108,523
88,523
91,523
90,523
72,523
62,523
67,523
55,523
99,524
73,524
108,524
85,524
73,524
132,524
83,524
125,524
110,524
126,524
112,524
56,524
56,524
55,524
75,524
107,524
55,524
56,524
55,524
61,524
83,524
56,524
73,525
73,525
71,525
133,525
72,525
96,525
120,525
115,525
130,525
178,525
93,525
96,525
129,525
93,525
133,526
83,526
78,526
70,526
123,526
109,526
87,526
67,526
94,526
83,526
99,526
138,526
136,526
132,526
144,526
54,526
118,526
55,526
55,526
63,526
62,526
61,526
71,526
110,527
114,527
118,527
90,527
147,527
108,527
106,527
87,527
136,527
137,527
84,527
130,527
104,527
56,527
62,527
56,527
71,527
78,527
62,527
55,527
64,527
56,527
114,528
115,528
92,528
148,528
145,528
121,528
111,528
95,528
100,528
73,528
142,528
114,528
111,528
89,528
77,528
122,529
90,529
82,529
86,529
131,529
71,529
114,529
118,529
137,529
137,529
72,529
54,529
63,529
55,529
71,529
62,529
79,529
66,529
74,529
101,530
92,530
98,530
75,530
129,530
93,530
133,530
132,530
86,530
101,530
87,530
127,530
98,530
101,530
62,530
55,530
71,530
55,530
55,530
55,530
55,530
56,530
91,531
96,531
72,531
145,531
88,531
110,531
84,531
126,531
105,531
119,531
138,531
129,531
79,531
85,532
99,532
138,532
137,532
92,532
99,532
118,532
88,532
111,532
63,532
77,532
78,532
56,532
66,532
93,533
88,533
122,533
114,533
119,533
92,533
94,533
122,533
125,533
99,533
121,533
123,533
124,533
98,533
94,533
56,533
62,533
62,533
57,533
63,533
61,533
77,533
145,534
133,534
112,534
138,534
74,534
112,534
97,534
98,534
137,534
105,534
170,534
74,534
78,534
81,534
55,534
111,535
108,535
100,535
80,535
115,535
118,535
88,535
101,535
109,535
104,535
108,535
132,535
113,535
55,535
61,535
55,535
104,536
103,536
119,536
99,536
99,536
86,536
141,536
122,536
168,536
119,536
104,536
140,536
83,536
118,536
94,536
61,536
56,536
55,536
57,536
64,536
55,536
58,536
65,536
55,536
56,536
96,537
88,537
90,537
122,537
88,537
94,537
132,537
101,537
132,537
138,537
115,537
95,537
79,537
78,537
56,537
80,537
107,538
119,538
109,538
98,538
98,538
117,538
94,538
116,538
71,538
119,538
70,538
44,538
64,538
125,539
137,539
99,539
124,539
115,539
165,539
98,539
138,539
111,539
116,539
138,539
108,539
66,539
61,539
61,539
118,539
65,539
55,539
125,540
91,540
111,540
86,540
140,540
118,540
96,540
88,540
107,540
92,540
123,540
78,540
61,540
61,540
56,540
137,541
103,541
119,541
97,541
86,541
98,541
99,541
121,541
105,541
84,541
93,541
96,541
97,541
115,541
81,541
65,541
57,541
113,542
95,542
97,542
126,542
124,542
88,542
149,542
132,542
131,542
77,542
129,542
108,542
136,542
121,542
97,542
64,542
55,542
56,542
61,542
63,542
61,542
55,542
76,542
55,542
57,542
116,543
116,543
84,543
109,543
88,543
93,543
103,543
115,543
119,543
97,543
56,543
79,543
65,543
60,543
80,543
56,543
134,544
102,544
97,544
99,544
99,544
75,544
83,544
107,544
130,544
54,544
66,544
67,544
103,545
115,545
115,545
109,545
96,545
88,545
106,545
86,545
143,545
79,545
76,545
94,546
94,546
143,546
87,546
111,546
138,546
125,546
125,546
111,546
79,546
107,546
66,546
56,546
112,546
56,546
56,546
59,546
84,547
101,547
103,547
73,547
102,547
94,547
113,547
87,547
72,547
115,547
108,547
93,547
80,547
80,547
56,547
69,547
112,548
149,548
108,548
74,548
134,548
90,548
94,548
118,548
104,548
55,548
64,548
103,549
98,549
102,549
131,549
89,549
71,549
82,549
78,549
57,549
76,549
56,549
119,550
110,550
150,550
119,550
122,550
137,550
66,550
119,550
109,550
55,550
58,550
61,550
61,550
58,550
65,550
71,551
98,551
104,551
91,551
112,551
98,551
119,551
86,551
119,551
109,551
81,551
101,551
61,551
57,551
55,551
55,551
65,551
108,552
96,552
102,552
77,552
119,552
119,552
97,552
138,552
160,552
111,552
103,552
83,552
107,552
119,552
81,552
108,552
119,552
66,552
71,552
116,552
64,552
62,552
106,553
118,553
136,553
111,553
100,553
112,553
105,553
107,553
88,553
118,553
104,553
92,553
98,553
65,553
76,553
109,553
56,553
99,554
115,554
94,554
105,554
92,554
107,554
120,554
56,554
75,554
61,554
65,554
131,555
116,555
129,555
124,555
122,555
124,555
62,555
56,555
62,555
106,556
112,556
101,556
97,556
94,556
96,556
65,556
64,556
119,557
106,557
120,557
105,557
118,557
123,557
131,557
119,557
125,557
101,557
65,557
55,557
57,557
112,558
108,558
91,558
119,558
113,558
56,558
64,558
78,558
63,558
61,558
55,558
65,558
175,559
96,559
90,559
98,559
124,559
139,559
106,559
119,559
62,559
56,559
56,559
56,559
77,559
119,559
60,559
63,559
108,560
92,560
107,560
124,560
96,560
125,560
131,560
119,560
89,560
108,560
110,560
118,560
105,560
55,560
63,560
66,560
63,560
63,560
64,560
61,560
103,561
111,561
102,561
105,561
107,561
118,561
119,561
131,561
125,561
123,561
110,561
55,561
66,561
79,562
119,562
135,562
96,562
140,562
103,562
119,562
119,562
96,562
100,562
57,562
61,562
65,562
62,562
120,563
105,563
98,563
96,563
98,563
109,563
119,563
112,563
131,563
65,563
119,563
33,563
127,563
55,563
119,563
61,563
65,563
103,564
118,564
108,564
120,564
116,564
98,564
89,564
115,564
55,564
61,564
56,564
108,565
97,565
129,565
129,565
124,565
111,565
93,565
111,565
86,565
86,565
114,565
120,565
97,565
108,565
63,565
66,565
63,565
64,565
63,565
110,566
119,566
94,566
131,566
115,566
102,566
98,566
121,566
61,566
56,566
117,567
105,567
133,567
111,567
98,567
109,567
119,567
64,567
57,567
106,568
103,568
108,568
89,568
120,568
99,568
56,568
62,568
118,569
122,569
101,569
108,569
109,569
124,569
60,569
120,570
110,570
97,570
129,570
131,570
103,570
120,570
119,570
92,570
88,570
120,570
90,570
95,570
113,571
118,571
174,571
96,571
125,571
107,571
97,571
104,571
111,571
112,572
106,572
113,572
94,572
103,572
110,572
137,572
93,572
132,572
79,572
61,572
55,572
79,572
87,573
119,573
102,573
137,573
121,573
120,573
78,573
119,573
132,574
106,574
88,574
97,574
112,574
93,574
111,574
111,574
63,574
99,575
93,575
112,575
111,575
97,575
107,575
104,575
123,575
64,575
60,575
123,576
112,576
106,576
98,576
88,576
113,576
113,576
101,576
97,576
57,576
61,576
57,576
167,577
119,577
119,577
132,577
109,577
107,577
111,577
118,577
96,577
96,577
112,577
60,577
65,577
55,577
88,578
95,578
104,578
125,578
94,578
96,578
113,578
56,578
118,578
131,578
98,579
97,579
118,579
114,579
95,579
96,579
120,579
137,579
60,579
67,579
118,580
96,580
170,580
88,580
135,580
120,580
97,580
61,580
94,581
116,581
96,581
112,581
96,581
90,581
101,582
143,582
96,582
115,582
60,582
63,582
96,583
96,583
90,583
119,583
97,583
125,583
101,583
111,583
105,583
76,583
65,583
63,583
126,584
97,584
88,584
125,584
60,584
63,584
62,584
63,584
63,584
67,584
56,584
63,584
110,585
124,585
88,585
105,585
111,585
97,585
96,585
63,585
72,585
109,586
96,586
113,586
124,586
115,586
103,586
151,586
68,586
55,586
102,587
91,587
97,587
114,587
114,587
115,587
109,587
118,587
82,587
129,588
122,588
112,588
102,588
96,588
101,588
61,588
122,589
108,589
128,589
107,589
95,589
110,589
115,589
54,589
64,589
116,590
105,590
106,590
128,590
116,590
96,590
62,590
63,590
118,591
97,591
171,591
113,591
115,591
57,591
61,591
65,591
67,591
58,591
103,592
105,592
115,592
110,592
111,592
101,592
137,592
69,592
63,592
65,592
67,592
118,593
122,593
133,593
119,593
96,593
116,593
93,593
102,593
63,593
62,593
64,593
124,594
106,594
111,594
106,594
128,594
92,594
117,594
107,595
114,595
129,595
96,595
76,595
142,596
104,596
129,596
126,596
113,596
55,596
66,596
63,596
63,596
106,597
125,597
107,597
64,597
71,597
62,597
116,598
108,598
103,598
106,598
95,598
103,598
65,598
63,598
106,599
116,599
135,599
67,599
65,599
106,600
96,600
136,600
121,600
121,600
60,600
110,601
107,601
125,601
125,601
107,601
118,601
94,602
135,602
98,602
55,602
63,602
63,602
65,602
138,603
107,603
61,603
77,603
66,603
123,604
106,604
110,604
103,604
112,604
72,604
66,604
63,604
173,605
132,605
96,605
108,605
130,605
56,605
96,606
125,606
105,606
103,606
64,606
106,607
129,607
93,607
95,607
129,607
125,607
104,607
104,607
116,607
76,607
108,608
127,608
105,608
123,608
81,608
68,608
67,608
125,609
103,609
124,609
80,609
61,609
102,610
104,610
109,610
105,610
111,610
56,610
71,610
67,610
107,611
126,611
101,611
72,611
65,611
177,612
113,612
133,612
127,612
104,612
98,612
125,612
111,612
71,612
72,612
108,613
102,613
97,614
120,614
64,614
81,615
109,615
110,615
105,616
92,616
91,616
124,616
106,617
133,617
129,617
55,617
55,617
94,618
98,618
106,618
106,618
65,618
107,619
102,619
105,619
103,619
77,619
111,620
72,620
54,620
68,620
106,621
81,621
129,621
106,621
103,622
105,622
67,622
77,622
106,623
105,623
106,624
106,625
122,626
114,626
125,626
102,626
124,626
106,626
106,626
106,627
106,628
98,628
106,628
102,628
104,629
61,629
67,629
103,630
98,630
62,630
104,631
119,631
104,631
107,631
116,631
109,632
64,632
105,633
64,633
107,634
106,635
110,635
122,636
110,636
125,637
125,637
107,637
105,638
81,640
107,641
122,641
112,642
112,645
124,646
81,647
81,647
128,649
127,650
116,652
103,653
124,653
63,662
56,664
122,665
126,665
125,672
110,677
56,683
110,684
